name,sha256
cfs,0f2bf625544e5a5c862e1397776be27a62f2deb4e27dabb2391c2b16de2110f7
git,6040e905719f7ba601fbec71233788dd9fce513c5f59a89eff9d59bc0e2c53cb
mn,44b1bdade459e0d51d5d26794938632927dfe9082e8e0b861066be9a0bf86561
root,4c4491759d8d3748cb801a2897490f5444d8bae407ad64799b02e301dec1797b
cfs,07fab97b13da21e6b72c1c6b223908389ee0bf78b50ce701e7afaa22b5db9015
jb,dd6b45944c1a7e755b4ac1c38682853ae146b493eb765e08c52764f3fa44224b
plm,0325810a8deef2643567b3b83e743f748edd657b685604b80d25b37317c0b442
bot,1947330b61ee035a9ba43076b3dd32fc1d748c11f1af70ed35369dd7d1acb0cd
bot,beae7bca4b05da911345e35ca6a7ca3534162ec3317308009a15f5d68ad236bf
bot2,ea4bd8e4258cc49d7b3515800aa843240defc1600cf869388c7865e66f4cdb56
cfs,1ba3ddcaa4262680b759710007402daec6bb82a6668b7793625534e82a3d8d9d
bot,c775fa37df554908ee154ad4748d4c00954dffcea180eb01015d86c36c2265c6
cfs,c1183dfa648036b86cbaff41cca31b77d00e69e3f03e59257d954156f8f4e485
jb,2ec096c57c2f9460fa63d6b420b7cbd3e5a14fc0423674ffbf4cde558870a48b
jm,405d845278996d9e573eb7650f036eaff6ac500f579590c57c49a64de04dcab6
lan,d1ab672bea357728a7df878e04cc5dd059967325bc01d6609b5eeb57233cbdee
plm,eee14fccb3c966a98f1663d211f96d610a5762c0cb20a00728ab0d57e98dc0c4
apache,e05b379578799d4a89ca7ce247f3a91d182a7077254885fae3d9e13db348f5ac
cacti,311bb3b1d9e00b261aeff291567c4c9bf77225d9bfd3d8a3bd1eec2dab496986
ce,f831887a36ad2715edee4102ccdc25dfc7a6b10aa933c79195ec713bca38415a
cm,b3b9f37864b6d7afee30329fdbf125a6051c34a942d2b770710f8302ee477bba
cwp,886a0a32f6368d1bd3b66973333f21c209d7e944220207aaf33d304ba05dc258
flood,ce7b392929383979c4bea951122e4105240ca83ba18b729b41dbbf57c84f8126
ig,b3b9f37864b6d7afee30329fdbf125a6051c34a942d2b770710f8302ee477bba
kor,f54e42f4ad68314a09148b7a0932d4b129883bd6391223fc577114a139ad3b19
oracle,3145bf474855b23092967be0837b7613fb8604f736361aeafcfa7fc2a0daf1d8
php,1f29a20ff8b3bca64282536d7e2d175757ff0417f879e1b3a8fb02abb634210a
plm,d6258555b44f217b818d8f96d9b63be7dea367d793e1eb7ac3312019d7b81c47
pp,1a5e38274b78818423f2ed571c1288baeaabefffce053f060dc287c8de25db5f
rocket,0a6bdfa8b27a5286bb675470e43cfb6b7ba66f2c76b1d901646051b3cb2a86d6
root,f2febb3422221f4060e091722618a82888587aa9cd4a23f040d612364278e8d6
ruby,1e70fe3cdbf8eb1af6c1fc2380a8ff89a51791632eea6425585f984d74254ed1
scan,e6a2cd401be6bd615f670f5116166d63a4d5c2440bbfb4a9157c1fd6753283bb
scn,621f01149a55e5c8180195bcfbe6d4b64c7a62566de1d7acf2e5d0a5d93e4300
sm,23a97af2c687d4dcddb355ed95fe70f34577cec359b10dd0aedaad73d11f24eb
spip,a57aac8a6b8cbb3c2579bdd22cfe0acd6c3f340ec5b612fa07d22171c91a7e67
sshd,52af7d0864464eb5a6b1d12dde847b863f36b4bef5678c339cc3cda61cb2b861
xor,163674b8e05d61fbafe40fe7efcf1df4d55d70a76eb57d74869334512ecb271a
